Workbook

Sheet Data Sheet Imtiazy
A1: Year | B1: Month | C1: Date | D1: Product Name | E1: Units
A2: 2021 | B2: January | C2: 44197 | D2: Dovelle Soft and Smooth Shampoo 500 ml | E2: 13320
A3: 2021 | B3: February | C3: 44228 | D3: Dovelle Soft and Smooth Shampoo 500 ml | E3: 12950
A4: 2021 | B4: March | C4: 44256 | D4: Dovelle Soft and Smooth Shampoo 500 ml | E4: 14800
A5: 2021 | B5: April | C5: 44287 | D5: Dovelle Soft and Smooth Shampoo 500 ml | E5: 15540
A6: 2021 | B6: May | C6: 44317 | D6: Dovelle Soft and Smooth Shampoo 500 ml | E6: 16280
A7: 2021 | B7: June | C7: 44348 | D7: Dovelle Soft and Smooth Shampoo 500 ml | E7: 19240
A8: 2021 | B8: July | C8: 44378 | D8: Dovelle Soft and Smooth Shampoo 500 ml | E8: 19980
A9: 2021 | B9: August | C9: 44409 | D9: Dovelle Soft and Smooth Shampoo 500 ml | E9: 19610
A10: 2021 | B10: September | C10: 44440 | D10: Dovelle Soft and Smooth Shampoo 500 ml | E10: 17760
A11: 2021 | B11: October | C11: 44470 | D11: Dovelle Soft and Smooth Shampoo 500 ml | E11: 17020
A12: 2021 | B12: November | C12: 44501 | D12: Dovelle Soft and Smooth Shampoo 500 ml | E12: 16650
A13: 2021 | B13: December | C13: 44531 | D13: Dovelle Soft and Smooth Shampoo 500 ml | E13: 13690
... A361: 2022 | B361: December | C361: 44896 | D361: Herbaluxe Long and Strong Conditioner 200 ml | E361: 1364

Sheet Price Sheet
A1: Full Name | B1: Shampoo/Conditioner | C1: Size | D1: Price Jan 2021 to Dec 2021 | E1: Price Jan 2022 to Dec 2022 | F1: Company
A2: Dovelle Soft and Smooth Conditioner 200 ml | B2: Conditioner | C2: 200 | D2: 480 | E2: ='Price Sheet'!$D2*1.2 -> 576 | F2: UniProc
A3: Dovelle Soft and Smooth Shampoo 200 ml | B3: Shampoo | C3: 200 | D3: 450 | E3: ='Price Sheet'!$D3*1.2 -> 540 | F3: UniProc
A4: Dovelle Soft and Smooth Shampoo 500 ml | B4: Shampoo | C4: 500 | D4: 795 | E4: ='Price Sheet'!$D4*1.2 -> 954 | F4: UniProc
A5: Garnel Silky Smooth Conditioner 200 ml | B5: Conditioner | C5: 200 | D5: 555 | E5: ='Price Sheet'!$D5*1.2 -> 666 | F5: Garnel & Co
A6: Garnel Silky Smooth Shampoo 185 ml | B6: Shampoo | C6: 185 | D6: 600 | E6: ='Price Sheet'!$D6*1.2 -> 720 | F6: Garnel & Co
A7: Garnel Silky Smooth Shampoo 500 ml | B7: Shampoo | C7: 500 | D7: 1050 | E7: ='Price Sheet'!$D7*1.2 -> 1260 | F7: Garnel & Co
A8: Herbaluxe Long and Strong Conditioner 200 ml | B8: Conditioner | C8: 200 | D8: 600 | E8: ='Price Sheet'!$D8*1.2 -> 720 | F8: Herbals
A9: Herbaluxe Long and Strong Shampoo 190 ml | B9: Shampoo | C9: 190 | D9: 725 | E9: ='Price Sheet'!$D9*1.2 -> 870 | F9: Herbals
A10: Herbaluxe Long and Strong Shampoo 510 ml | B10: Shampoo | C10: 510 | D10: 1200 | E10: ='Price Sheet'!$D10*1.2 -> 1440 | F10: Herbals
A11: Pantel Anti Dandruff Conditioner 200 ml | B11: Conditioner | C11: 200 | D11: 490 | E11: ='Price Sheet'!$D11*1.2 -> 588 | F11: UniProc
A12: Pantel Anti Dandruff Shampoo 175 ml | B12: Shampoo | C12: 175 | D12: 500 | E12: ='Price Sheet'!$D12*1.2 -> 600 | F12: UniProc
A13: Pantel Anti Dandruff Shampoo 450 ml | B13: Shampoo | C13: 450 | D13: 800 | E13: ='Price Sheet'!$D13*1.2 -> 960 | F13: UniProc
... A16: Peak & Shoulders Anti Dandruff Shampoo 486 ml | B16: Shampoo | C16: 486 | D16: 950 | E16: ='Price Sheet'!$D16*1.2 -> 1140 | F16: P&S Co

Sheet All products
A1: Brand | B1: Size | C1: Variant | D1: Full Name | E1: Price Jan 2021 to Dec 2021 | F1: Price Jan 2022 to Sept 2023 | G1: Type | H1: Company
A2: Dovelle | B2: 500 ml | C2: Soft and Smooth | D2: =CONCATENATE('All products'!$A2," ",'All products'!$C2," ",'All products'!$G2," ",'All products'!$B2) -> Dovelle Soft and Smooth Shampoo 500 ml | E2: 795 | F2: ='All products'!$E2*1.2 -> 954 | G2: Shampoo | H2: UniProc
A3: Pantel | B3: 450 ml | C3: Anti Dandruff | D3: =CONCATENATE('All products'!$A3," ",'All products'!$C3," ",'All products'!$G3," ",'All products'!$B3) -> Pantel Anti Dandruff Shampoo 450 ml | E3: 800 | F3: ='All products'!$E3*1.2 -> 960 | G3: Shampoo | H3: UniProc
A4: Peak & Shoulders | B4: 486 ml | C4: Anti Dandruff | D4: =CONCATENATE('All products'!$A4," ",'All products'!$C4," ",'All products'!$G4," ",'All products'!$B4) -> Peak & Shoulders Anti Dandruff Shampoo 486 ml | E4: 950 | F4: ='All products'!$E4*1.2 -> 1140 | G4: Shampoo | H4: P&S Co
A5: Garnel | B5: 500 ml | C5: Silky Smooth | D5: =CONCATENATE('All products'!$A5," ",'All products'!$C5," ",'All products'!$G5," ",'All products'!$B5) -> Garnel Silky Smooth Shampoo 500 ml | E5: 1050 | F5: ='All products'!$E5*1.2 -> 1260 | G5: Shampoo | H5: Garnel & Co
A6: Herbaluxe | B6: 510 ml | C6: Long and Strong | D6: =CONCATENATE('All products'!$A6," ",'All products'!$C6," ",'All products'!$G6," ",'All products'!$B6) -> Herbaluxe Long and Strong Shampoo 510 ml | E6: 1200 | F6: ='All products'!$E6*1.2 -> 1440 | G6: Shampoo | H6: Herbals
A7: Dovelle | B7: 200 ml | C7: Soft and Smooth | D7: =CONCATENATE('All products'!$A7," ",'All products'!$C7," ",'All products'!$G7," ",'All products'!$B7) -> Dovelle Soft and Smooth Shampoo 200 ml | E7: 450 | F7: ='All products'!$E7*1.5 -> 675 | G7: Shampoo | H7: UniProc
A8: Pantel | B8: 175 ml | C8: Anti Dandruff | D8: =CONCATENATE('All products'!$A8," ",'All products'!$C8," ",'All products'!$G8," ",'All products'!$B8) -> Pantel Anti Dandruff Shampoo 175 ml | E8: 500 | F8: ='All products'!$E8*1.5 -> 750 | G8: Shampoo | H8: UniProc
A9: Peak & Shoulders | B9: 185 ml | C9: Anti Dandruff | D9: =CONCATENATE('All products'!$A9," ",'All products'!$C9," ",'All products'!$G9," ",'All products'!$B9) -> Peak & Shoulders Anti Dandruff Shampoo 185 ml | E9: 510 | F9: ='All products'!$E9*1.5 -> 765 | G9: Shampoo | H9: P&S Co
A10: Garnel | B10: 185 ml | C10: Silky Smooth | D10: =CONCATENATE('All products'!$A10," ",'All products'!$C10," ",'All products'!$G10," ",'All products'!$B10) -> Garnel Silky Smooth Shampoo 185 ml | E10: 600 | F10: ='All products'!$E10*1.5 -> 900 | G10: Shampoo | H10: Garnel & Co
A11: Herbaluxe | B11: 190 ml | C11: Long and Strong | D11: =CONCATENATE('All products'!$A11," ",'All products'!$C11," ",'All products'!$G11," ",'All products'!$B11) -> Herbaluxe Long and Strong Shampoo 190 ml | E11: 725 | F11: ='All products'!$E11*1.5 -> 1087.5 | G11: Shampoo | H11: Herbals
A12: Dovelle | B12: 200 ml | C12: Soft and Smooth | D12: =CONCATENATE('All products'!$A12," ",'All products'!$C12," ",'All products'!$G12," ",'All products'!$B12) -> Dovelle Soft and Smooth Conditioner 200 ml | E12: 480 | F12: ='All products'!$E12*1.2 -> 576 | G12: Conditioner | H12: UniProc
A13: Pantel | B13: 200 ml | C13: Anti Dandruff | D13: =CONCATENATE('All products'!$A13," ",'All products'!$C13," ",'All products'!$G13," ",'All products'!$B13) -> Pantel Anti Dandruff Conditioner 200 ml | E13: 490 | F13: ='All products'!$E13*1.2 -> 588 | G13: Conditioner | H13: UniProc
A14: Peak & Shoulders | B14: 200 ml | C14: Anti Dandruff | D14: =CONCATENATE('All products'!$A14," ",'All products'!$C14," ",'All products'!$G14," ",'All products'!$B14) -> Peak & Shoulders Anti Dandruff Conditioner 200 ml | E14: 500 | F14: ='All products'!$E14*1.2 -> 600 | G14: Conditioner | H14: P&S Co
A15: Garnel | B15: 200 ml | C15: Silky Smooth | D15: =CONCATENATE('All products'!$A15," ",'All products'!$C15," ",'All products'!$G15," ",'All products'!$B15) -> Garnel Silky Smooth Conditioner 200 ml | E15: 555 | F15: ='All products'!$E15*1.2 -> 666 | G15: Conditioner | H15: Garnel & Co
A16: Herbaluxe | B16: 200 ml | C16: Long and Strong | D16: =CONCATENATE('All products'!$A16," ",'All products'!$C16," ",'All products'!$G16," ",'All products'!$B16) -> Herbaluxe Long and Strong Conditioner 200 ml | E16: 600 | F16: ='All products'!$E16*1.2 -> 720 | G16: Conditioner | H16: Herbals

Sheet Sheet8
B3: Column Labels
A4: Row Labels | B4: Dovelle Soft and Smooth Shampoo 500 ml | C4: Pantel Anti Dandruff Shampoo 450 ml | D4: Peak & Shoulders Anti Dandruff Shampoo 486 ml | E4: Garnel Silky Smooth Shampoo 500 ml | F4: Herbaluxe Long and Strong Shampoo 510 ml | G4: Dovelle Soft and Smooth Shampoo 200 ml | H4: Pantel Anti Dandruff Shampoo 175 ml | I4: Peak & Shoulders Anti Dandruff Shampoo 185 ml | J4: Garnel Silky Smooth Shampoo 185 ml | K4: Herbaluxe Long and Strong Shampoo 190 ml | L4: Dovelle Soft and Smooth Conditioner 200 ml | M4: Pantel Anti Dandruff Conditioner 200 ml | N4: Peak & Shoulders Anti Dandruff Conditioner 200 ml | O4: Garnel Silky Smooth Conditioner 200 ml | P4: Herbaluxe Long and Strong Conditioner 200 ml | Q4: Grand Total
A5: 44197
A6: 44228
A7: 44256
A8: 44287
A9: 44317
A10: 44348
A11: 44378
A12: 44409
A13: 44440
A14: 44470
A15: 44501
A16: 44531
... A28: 44896
A29: Grand Total

Sheet Sheet9
A1: Row Labels | B1: Dovelle Soft and Smooth 500 ml | C1: Garnel Silky Smooth 500 ml | D1: Herbaluxe Long and Strong 510 ml | E1: Pantel Anti Dandruff 450 ml | F1: Peak & Shoulders Anti Dandruff 486 ml
A2: 44197 | B2: 13320 | C2: 11200 | D2: 2652 | E2: 17020 | F2: 19013
A3: 44228 | B3: 12950 | C3: 4668 | D3: 3144 | E3: 16650 | F3: 17527
A4: 44256 | B4: 14800 | C4: 3836 | D4: 2836 | E4: 18500 | F4: 23332
A5: 44287 | B5: 15540 | C5: 5897 | D5: 2312 | E5: 19240 | F5: 28386
A6: 44317 | B6: 16280 | C6: 11540 | D6: 4221 | E6: 19980 | F6: 34200
A7: 44348 | B7: 19240 | C7: 7937 | D7: 4744 | E7: 22940 | F7: 30968
A8: 44378 | B8: 19980 | C8: 4967 | D8: 2238 | E8: 23680 | F8: 22314
A9: 44409 | B9: 19610 | C9: 4251 | D9: 2252 | E9: 23310 | F9: 36623
A10: 44440 | B10: 17760 | C10: 15600 | D10: 4994 | E10: 21460 | F10: 39944
A11: 44470 | B11: 17020 | C11: 2711 | D11: 4891 | E11: 20720 | F11: 35677
A12: 44501 | B12: 16650 | C12: 1909 | D12: 1380 | E12: 20350 | F12: 19009
A13: 44531 | B13: 13690 | C13: 4797 | D13: 2131 | E13: 17390 | F13: 27311
... A25: 44896 | B25: 13838 | C25: 2890 | D25: 690 | E25: 17538 | F25: 19279

Sheet Sheet13
A1: Year | B1: Month | C1: Units Sold
A2: 2021 | B2: January | C2: 190 | D2: =C2*3 -> 570 | E2: =D2*(RAND()+0.5) -> 524.9439 | F2: =ROUND(E2,0) -> 525 | G2: =D2*(0.1+RAND()) -> 411.11483 | H2: =ROUND(G2,0) -> 411
A3: 2021 | B3: February | C3: 195 | D3: =C3*3 -> 585 | E3: =D3*RAND()*1.5 -> 58.646699 | F3: =ROUND(E3,0) -> 59 | G3: =D3*(0.23+RAND()) -> 526.42861 | H3: =ROUND(G3,0) -> 526
A4: 2021 | B4: March | C4: 202 | D4: =C4*3 -> 606 | E4: =D4*RAND()*1.5 -> 247.42982 | F4: =ROUND(E4,0) -> 247 | G4: =D4*(0.23+RAND()) -> 251.59716 | H4: =ROUND(G4,0) -> 252
A5: 2021 | B5: April | C5: 210 | D5: =C5*3 -> 630 | E5: =D5*RAND()*1.5 -> 304.15102 | F5: =ROUND(E5,0) -> 304 | G5: =D5*(0.23+RAND()) -> 701.99772 | H5: =ROUND(G5,0) -> 702
A6: 2021 | B6: May | C6: 220 | D6: =C6*3 -> 660 | E6: =D6*RAND()*1.5 -> 980.97544 | F6: =ROUND(E6,0) -> 981 | G6: =D6*(0.23+RAND()) -> 497.2239 | H6: =ROUND(G6,0) -> 497
A7: 2021 | B7: June | C7: 232 | D7: =C7*3 -> 696 | E7: =D7*RAND()*1.5 -> 560.43216 | F7: =ROUND(E7,0) -> 560 | G7: =D7*(0.23+RAND()) -> 228.00069 | H7: =ROUND(G7,0) -> 228
A8: 2021 | B8: July | C8: 245 | D8: =C8*3 -> 735 | E8: =D8*RAND()*1.5 -> 40.506567 | F8: =ROUND(E8,0) -> 41 | G8: =D8*(0.23+RAND()) -> 739.20985 | H8: =ROUND(G8,0) -> 739
A9: 2021 | B9: August | C9: 260 | D9: =C9*3 -> 780 | E9: =D9*RAND()*1.5 -> 732.12398 | F9: =ROUND(E9,0) -> 732 | G9: =D9*(0.23+RAND()) -> 892.83175 | H9: =ROUND(G9,0) -> 893
A10: 2021 | B10: September | C10: 276 | D10: =C10*3 -> 828 | E10: =D10*RAND()*1.5 -> 952.02962 | F10: =ROUND(E10,0) -> 952 | G10: =D10*(0.23+RAND()) -> 490.961 | H10: =ROUND(G10,0) -> 491
A11: 2021 | B11: October | C11: 293 | D11: =C11*3 -> 879 | E11: =D11*RAND()*1.5 -> 91.921211 | F11: =ROUND(E11,0) -> 92 | G11: =D11*(0.23+RAND()) -> 611.28705 | H11: =ROUND(G11,0) -> 611
A12: 2021 | B12: November | C12: 312 | D12: =C12*3 -> 936 | E12: =D12*RAND()*1.5 -> 1236.232 | F12: =ROUND(E12,0) -> 1236 | G12: =D12*(0.23+RAND()) -> 1082.8419 | H12: =ROUND(G12,0) -> 1083
A13: 2021 | B13: December | C13: 332 | D13: =C13*3 -> 996 | E13: =D13*RAND()*1.5 -> 1197.6634 | F13: =ROUND(E13,0) -> 1198 | G13: =D13*(0.23+RAND()) -> 882.85763 | H13: =ROUND(G13,0) -> 883
A14: 2022 | B14: January | C14: 354 | D14: =C14*3 -> 1062 | E14: =D14*RAND()*1.5 -> 1162.6571 | F14: =ROUND(E14,0) -> 1163 | G14: =D14*(0.23+RAND()) -> 960.51393 | H14: =ROUND(G14,0) -> 961
... A25: 2022 | B25: December | C25: 728 | D25: =C25*3 -> 2184 | E25: =D25*RAND()*1.5 -> 2262.1198 | F25: =ROUND(E25,0) -> 2262 | G25: =D25*(0.23+RAND()) -> 1147.0278 | H25: =ROUND(G25,0) -> 1147
